SWIFT-code АЮМЙЮ ОНКСВЮРЕКЪ;мЮЬ МНЯРПН;Currency;Via <Field 56>;SWIFT_CUR;гЮОПЕР;йНД_ЯРПЮМШ;яРПЮМЮ;оПХЛЕВЮМХЕ;оПХЛЕВЮМХЕ1;оПХЛЕВЮМХЕ2;оПХЛЕВЮМХЕ3;Sanction
____AM%;ASHBAM22;AMD;;____AM%_AMD;;AM;юплемхъ;;;;;#м/д
____AM%;ASHBAM22;EUR;;____AM%_EUR;;AM;юплемхъ;;;;;#м/д
____AM%;ASHBAM22;USD;;____AM%_USD;;AM;юплемхъ;;;;;#м/д
____GE%;ASHBAM22;GEL;;____GE%_GEL;;GE;цпсгхъ;;;;;#м/д
BADJRUMM;ASHBAM22;USD;;BADJRUMM_USD;дЮ;RU;пняяхъ;;;;;#м/д
BDRFRUMM;ASHBAM22;USD;;BDRFRUMM_USD;дЮ;RU;пняяхъ;;;;;#м/д
MJSBRUMM;ASHBAM22;USD;;MJSBRUMM_USD;дЮ;RU;пняяхъ;;;;;#м/д
CLOKRUMM;ASHBAM22;USD;;CLOKRUMM_USD;дЮ;RU;пняяхъ;;;;;#м/д
TRSNRUMM;ASHBAM22;USD;;TRSNRUMM_USD;дЮ;RU;пняяхъ;;;;;#м/д
AVJSRUMM;ASHBAM22;USD;;AVJSRUMM_USD;дЮ;RU;пняяхъ;;;;;#м/д
FOJSRUMM;ASHBAM22;USD;;FOJSRUMM_USD;дЮ;RU;пняяхъ;;;;;#м/д
RETLRUMM;ASHBAM22;USD;;RETLRUMM_USD;дЮ;RU;пняяхъ;;;;;#м/д
KZBURU51;ASHBAM22;USD;;KZBURU51_USD;дЮ;RU;пняяхъ;;;;;#м/д
FRFLRUMM;ASHBAM22;USD;;FRFLRUMM_USD;дЮ;RU;пняяхъ;;;;;#м/д
BIJORU66;ASHBAM22;USD;;BIJORU66_USD;дЮ;RU;пняяхъ;;;;;#м/д
ARRSRU2K;ASHBAM22;USD;;ARRSRU2K_USD;дЮ;RU;пняяхъ;;;;;#м/д
DERZRUMM;ASHBAM22;USD;;DERZRUMM_USD;дЮ;RU;пняяхъ;;;;;#м/д
BCSBRU55;ASHBAM22;USD;;BCSBRU55_USD;дЮ;RU;пняяхъ;;;;;#м/д
CHLBRU4C;ASHBAM22;USD;;CHLBRU4C_USD;дЮ;RU;пняяхъ;;;;;#м/д
DOLIRU8Y;ASHBAM22;USD;;DOLIRU8Y_USD;дЮ;RU;пняяхъ;;;;;#м/д
ASANRU8XXX;ASHBAM22;USD;;ASANRU8XXX_USD;дЮ;RU;пняяхъ;;;;;#м/д
NARNRUMM;ASHBAM22;USD;;NARNRUMM_USD;дЮ;RU;пняяхъ;;;;;#м/д
EXPNRUMM;ASHBAM22;USD;;EXPNRUMM_USD;дЮ;RU;пняяхъ;;;;;#м/д
KUKRRU22;ASHBAM22;USD;;KUKRRU22_USD;дЮ;RU;пняяхъ;;;;;#м/д
BELERUMM;ASHBAM22;USD;;BELERUMM_USD;дЮ;RU;пняяхъ;;;;;#м/д
UMTNRUMM;ASHBAM22;USD;;UMTNRUMM_USD;дЮ;RU;пняяхъ;;;;;#м/д
RSJSRUMM;ASHBAM22;USD;;RSJSRUMM_USD;дЮ;RU;пняяхъ;;;;;#м/д
PSOCRU2P;ASHBAM22;USD;;PSOCRU2P_USD;дЮ;RU;пняяхъ;;;;;#м/д
ASIJRUMM;ASHBAM22;USD;;ASIJRUMM_USD;дЮ;RU;пняяхъ;;;;;#м/д
GAINRUMM;ASHBAM22;USD;;GAINRUMM_USD;дЮ;RU;пняяхъ;;;;;#м/д
ALILRUMM;ASHBAM22;USD;;ALILRUMM_USD;дЮ;RU;пняяхъ;;;;;#м/д
VOLJRU21;ASHBAM22;USD;;VOLJRU21_USD;дЮ;RU;пняяхъ;;;;;#м/д
INUORUMM;ASHBAM22;USD;;INUORUMM_USD;дЮ;RU;пняяхъ;;;;;#м/д
CHINRU4C;ASHBAM22;USD;;CHINRU4C_USD;дЮ;RU;пняяхъ;;;;;#м/д
NOKSRU2V;ASHBAM22;USD;;NOKSRU2V_USD;дЮ;RU;пняяхъ;;;;;#м/д
BLNBBY2X;ASHBAM22;USD;;BLNBBY2X_USD;;BY;аекюпсяэ;;;;;#м/д
AEBKBY2X;ASHBAM22;USD;;AEBKBY2X_USD;;BY;аекюпсяэ;;;;;#м/д
UNBSBY2X;ASHBAM22;USD;;UNBSBY2X_USD;;BY;аекюпсяэ;;;;;#м/д
MTBKBY22;ASHBAM22;USD;;MTBKBY22_USD;;BY;аекюпсяэ;;;;;#м/д
PJCBBY2X;ASHBAM22;USD;;PJCBBY2X_USD;;BY;аекюпсяэ;;;;;#м/д
CBASGE22;ASHBAM22;USD;;CBASGE22_USD;;GE;цпсгхъ;;;;;#м/д
CRTUGE22;ASHBAM22;USD;;CRTUGE22_USD;;GE;цпсгхъ;;;;;#м/д
JSCRGE22;ASHBAM22;USD;;JSCRGE22_USD;;GE;цпсгхъ;;;;;#м/д
HABGGE22;ASHBAM22;USD;;HABGGE22_USD;;GE;цпсгхъ;;;;;#м/д
ISBKGE22;ASHBAM22;USD;;ISBKGE22_USD;;GE;цпсгхъ;;;;;#м/д
LBRTGE22;ASHBAM22;USD;;LBRTGE22_USD;;GE;цпсгхъ;;;;;#м/д
PAHAGE22;ASHBAM22;USD;;PAHAGE22_USD;;GE;цпсгхъ;;;;;#м/д
MIBGGE22;ASHBAM22;USD;;MIBGGE22_USD;;GE;цпсгхъ;;;;;#м/д
DISNGE22;ASHBAM22;USD;;DISNGE22_USD;;GE;цпсгхъ;;;;;#м/д
TBCBGE22;ASHBAM22;USD;;TBCBGE22_USD;;GE;цпсгхъ;;;;;#м/д
TEBAGE22;ASHBAM22;USD;;TEBAGE22_USD;;GE;цпсгхъ;;;;;#м/д
TCZBGE22;ASHBAM22;USD;;TCZBGE22_USD;;GE;цпсгхъ;;;;;#м/д
BAGAGE22;ASHBAM22;USD;;BAGAGE22_USD;;GE;цпсгхъ;;;;;#м/д
DEMIKG22;ASHBAM22;USD;;DEMIKG22_USD;;KG;йхпцхгхъ;;;;;#м/д
RINBKG22;ASHBAM22;USD;;RINBKG22_USD;;KG;йхпцхгхъ;;;;;#м/д
KSBCKG22;ASHBAM22;USD;;KSBCKG22_USD;;KG;йхпцхгхъ;;;;;#м/д
KOMPKG22;ASHBAM22;USD;;KOMPKG22_USD;;KG;йхпцхгхъ;;;;;#м/д
CBSBLT26;ASHBAM22;USD;;CBSBLT26_USD;;LT;кхрбю;;;;;#м/д
AGMOMNUB;ASHBAM22;USD;;AGMOMNUB_USD;;MN;лнмцнкхъ;;;;;#м/д
EJSATJ22;ASHBAM22;USD;;EJSATJ22_USD;;TJ;рюдфхйхярюм;;;;;#м/д
ALIFTJ22;ASHBAM22;USD;;ALIFTJ22_USD;;TJ;рюдфхйхярюм;;;;;#м/д
FMBTTJ22;ASHBAM22;USD;;FMBTTJ22_USD;;TJ;рюдфхйхярюм;;;;;#м/д
ALJSUAUK;ASHBAM22;USD;;ALJSUAUK_USD;;UA;сйпюхмю;;;;;#м/д
CRBPUAUK;ASHBAM22;USD;;CRBPUAUK_USD;;UA;сйпюхмю;;;;;#м/д
DBBKUA2K;ASHBAM22;USD;;DBBKUA2K_USD;;UA;сйпюхмю;;;;;#м/д
MTBAUA2D;ASHBAM22;USD;;MTBAUA2D_USD;;UA;сйпюхмю;;;;;#м/д
PIVDUA22;ASHBAM22;USD;;PIVDUA22_USD;;UA;сйпюхмю;;;;;#м/д
AGCBUAUK;ASHBAM22;USD;;AGCBUAUK_USD;;UA;сйпюхмю;;;;;#м/д
KHKKUZ22;ASHBAM22;USD;;KHKKUZ22_USD;;UZ;сгаейхярюм;;;;;#м/д
RTMBLV2X;ASHBAM22;USD;;RTMBLV2X_USD;;LV;кюрбхъ;;;;;#м/д
BADJRUMM;ASHBAM22;EUR;;BADJRUMM_EUR;дЮ;RU;пняяхъ;;;;;#м/д
BDRFRUMM;ASHBAM22;EUR;;BDRFRUMM_EUR;дЮ;RU;пняяхъ;;;;;#м/д
MJSBRUMM;ASHBAM22;EUR;;MJSBRUMM_EUR;дЮ;RU;пняяхъ;;;;;#м/д
CLOKRUMM;ASHBAM22;EUR;;CLOKRUMM_EUR;дЮ;RU;пняяхъ;;;;;#м/д
TRSNRUMM;ASHBAM22;EUR;;TRSNRUMM_EUR;дЮ;RU;пняяхъ;;;;;#м/д
AVJSRUMM;ASHBAM22;EUR;;AVJSRUMM_EUR;дЮ;RU;пняяхъ;;;;;#м/д
FOJSRUMM;ASHBAM22;EUR;;FOJSRUMM_EUR;дЮ;RU;пняяхъ;;;;;#м/д
RETLRUMM;ASHBAM22;EUR;;RETLRUMM_EUR;дЮ;RU;пняяхъ;;;;;#м/д
KZBURU51;ASHBAM22;EUR;;KZBURU51_EUR;дЮ;RU;пняяхъ;;;;;#м/д
FRFLRUMM;ASHBAM22;EUR;;FRFLRUMM_EUR;дЮ;RU;пняяхъ;;;;;#м/д
BIJORU66;ASHBAM22;EUR;;BIJORU66_EUR;дЮ;RU;пняяхъ;;;;;#м/д
ARRSRU2K;ASHBAM22;EUR;;ARRSRU2K_EUR;дЮ;RU;пняяхъ;;;;;#м/д
DERZRUMM;ASHBAM22;EUR;;DERZRUMM_EUR;дЮ;RU;пняяхъ;;;;;#м/д
BCSBRU55;ASHBAM22;EUR;;BCSBRU55_EUR;дЮ;RU;пняяхъ;;;;;#м/д
CHLBRU4C;ASHBAM22;EUR;;CHLBRU4C_EUR;дЮ;RU;пняяхъ;;;;;#м/д
DOLIRU8Y;ASHBAM22;EUR;;DOLIRU8Y_EUR;дЮ;RU;пняяхъ;;;;;#м/д
ASANRU8;ASHBAM22;EUR;;ASANRU8_EUR;дЮ;RU;пняяхъ;;;;;#м/д
NARNRUMM;ASHBAM22;EUR;;NARNRUMM_EUR;дЮ;RU;пняяхъ;;;;;#м/д
KUKRRU22;ASHBAM22;EUR;;KUKRRU22_EUR;дЮ;RU;пняяхъ;;;;;#м/д
BELERUMM;ASHBAM22;EUR;;BELERUMM_EUR;дЮ;RU;пняяхъ;;;;;#м/д
UMTNRUMM;ASHBAM22;EUR;;UMTNRUMM_EUR;дЮ;RU;пняяхъ;;;;;#м/д
RSJSRUMM;ASHBAM22;EUR;;RSJSRUMM_EUR;дЮ;RU;пняяхъ;;;;;#м/д
PSOCRU2P;ASHBAM22;EUR;;PSOCRU2P_EUR;дЮ;RU;пняяхъ;;;;;#м/д
ASIJRUMM;ASHBAM22;EUR;;ASIJRUMM_EUR;дЮ;RU;пняяхъ;;;;;#м/д
GAINRUMM;ASHBAM22;EUR;;GAINRUMM_EUR;дЮ;RU;пняяхъ;;;;;#м/д
ALILRUMM;ASHBAM22;EUR;;ALILRUMM_EUR;дЮ;RU;пняяхъ;;;;;#м/д
VOLJRU21;ASHBAM22;EUR;;VOLJRU21_EUR;дЮ;RU;пняяхъ;;;;;#м/д
INUORUMM;ASHBAM22;EUR;;INUORUMM_EUR;дЮ;RU;пняяхъ;;;;;#м/д
CHINRU4C;ASHBAM22;EUR;;CHINRU4C_EUR;дЮ;RU;пняяхъ;;;;;#м/д
NOKSRU2V;ASHBAM22;EUR;;NOKSRU2V_EUR;дЮ;RU;пняяхъ;;;;;#м/д
BLNBBY2X;ASHBAM22;EUR;;BLNBBY2X_EUR;;BY;аекюпсяэ;;;;;#м/д
UNBSBY2X;ASHBAM22;EUR;;UNBSBY2X_EUR;;BY;аекюпсяэ;;;;;#м/д
MTBKBY22;ASHBAM22;EUR;;MTBKBY22_EUR;;BY;аекюпсяэ;;;;;#м/д
PJCBBY2X;ASHBAM22;EUR;;PJCBBY2X_EUR;;BY;аекюпсяэ;;;;;#м/д
CBASGE22;ASHBAM22;EUR;;CBASGE22_EUR;;GE;цпсгхъ;;;;;#м/д
CRTUGE22;ASHBAM22;EUR;;CRTUGE22_EUR;;GE;цпсгхъ;;;;;#м/д
JSCRGE22;ASHBAM22;EUR;;JSCRGE22_EUR;;GE;цпсгхъ;;;;;#м/д
HABGGE22;ASHBAM22;EUR;;HABGGE22_EUR;;GE;цпсгхъ;;;;;#м/д
ISBKGE22;ASHBAM22;EUR;;ISBKGE22_EUR;;GE;цпсгхъ;;;;;#м/д
LBRTGE22;ASHBAM22;EUR;;LBRTGE22_EUR;;GE;цпсгхъ;;;;;#м/д
PAHAGE22;ASHBAM22;EUR;;PAHAGE22_EUR;;GE;цпсгхъ;;;;;#м/д
MIBGGE22;ASHBAM22;EUR;;MIBGGE22_EUR;;GE;цпсгхъ;;;;;#м/д
DISNGE22;ASHBAM22;EUR;;DISNGE22_EUR;;GE;цпсгхъ;;;;;#м/д
TBCBGE22;ASHBAM22;EUR;;TBCBGE22_EUR;;GE;цпсгхъ;;;;;#м/д
TEBAGE22;ASHBAM22;EUR;;TEBAGE22_EUR;;GE;цпсгхъ;;;;;#м/д
TCZBGE22;ASHBAM22;EUR;;TCZBGE22_EUR;;GE;цпсгхъ;;;;;#м/д
BAGAGE22;ASHBAM22;EUR;;BAGAGE22_EUR;;GE;цпсгхъ;;;;;#м/д
DEMIKG22;ASHBAM22;EUR;;DEMIKG22_EUR;;KG;йхпцхгхъ;;;;;#м/д
RINBKG22;ASHBAM22;EUR;;RINBKG22_EUR;;KG;йхпцхгхъ;;;;;#м/д
KSBCKG22;ASHBAM22;EUR;;KSBCKG22_EUR;;KG;йхпцхгхъ;;;;;#м/д
CBSBLT26;ASHBAM22;EUR;;CBSBLT26_EUR;;LT;кхрбю;;;;;#м/д
AGMOMNUB;ASHBAM22;EUR;;AGMOMNUB_EUR;;MN;лнмцнкхъ;;;;;#м/д
EJSATJ22;ASHBAM22;EUR;;EJSATJ22_EUR;;TJ;рюдфхйхярюм;;;;;#м/д
FMBTTJ22;ASHBAM22;EUR;;FMBTTJ22_EUR;;TJ;рюдфхйхярюм;;;;;#м/д
ALIFTJ22;ASHBAM22;EUR;;ALIFTJ22_EUR;;TJ;рюдфхйхярюм;;;;;#м/д
ALJSUAUK;ASHBAM22;EUR;;ALJSUAUK_EUR;;UA;сйпюхмю;;;;;#м/д
CRBPUAUK;ASHBAM22;EUR;;CRBPUAUK_EUR;;UA;сйпюхмю;;;;;#м/д
DBBKUA2K;ASHBAM22;EUR;;DBBKUA2K_EUR;;UA;сйпюхмю;;;;;#м/д
PIVDUA22;ASHBAM22;EUR;;PIVDUA22_EUR;;UA;сйпюхмю;;;;;#м/д
AGCBUAUK;ASHBAM22;EUR;;AGCBUAUK_EUR;;UA;сйпюхмю;;;;;#м/д
KHKKUZ22;ASHBAM22;EUR;;KHKKUZ22_EUR;;UZ;сгаейхярюм;;;;;#м/д
SBPORSBG;ASHBAM22;EUR;;SBPORSBG_EUR;;RS;яепахъ;;;;;#м/д
RTMBLV2X;ASHBAM22;EUR;;RTMBLV2X_EUR;;LV;кюрбхъ;;;;;#м/д
%;NUROTRIS;AED;;%_AED;;;бЯЕ ЯРПЮМШ;;;;;#м/д
%;NUROTRIS;TRY;;%_TRY;;;бЯЕ ЯРПЮМШ;;;;;#м/д
AFGUAFKA;NUROTRIS;EUR;;AFGUAFKA_EUR;;AF;ютцюмхярюм;;;;;#м/д
AFGUAFKA;NUROTRIS;USD;;AFGUAFKA_USD;;AF;ютцюмхярюм;;;;;#м/д
GHBKAFKA;NUROTRIS;USD;;GHBKAFKA_USD;;AF;ютцюмхярюм;;;;;#м/д
IBAFAFKA;NUROTRIS;EUR;;IBAFAFKA_EUR;;AF;ютцюмхярюм;;;;;#м/д
IBAFAFKA;NUROTRIS;USD;;IBAFAFKA_USD;;AF;ютцюмхярюм;;;;;#м/д
AZBAAFKA;NUROTRIS;USD;;AZBAAFKA_USD;;AF;ютцюмхярюм;;;;;#м/д
AZBAAFKA;NUROTRIS;EUR;;AZBAAFKA_EUR;;AF;ютцюмхярюм;;;;;#м/д
GUNAAZ22;NUROTRIS;USD;;GUNAAZ22_USD;;AZ;югепаюидфюм;;;;;#м/д
GUNAAZ22;NUROTRIS;EUR;;GUNAAZ22_EUR;;AZ;югепаюидфюм;;;;;#м/д
AZRTAZ22;NUROTRIS;USD;;AZRTAZ22_USD;;AZ;югепаюидфюм;;;;;#м/д
AZRTAZ22;NUROTRIS;EUR;;AZRTAZ22_EUR;;AZ;югепаюидфюм;;;;;#м/д
MUGAAZ22;NUROTRIS;USD;;MUGAAZ22_USD;;AZ;югепаюидфюм;;;;;#м/д
MUGAAZ22;NUROTRIS;EUR;;MUGAAZ22_EUR;;AZ;югепаюидфюм;;;;;#м/д
RTBAIQBA;NUROTRIS;USD;;RTBAIQBA_USD;;IQ;хпюй;;;;;#м/д
RTBAIQBA;NUROTRIS;EUR;;RTBAIQBA_EUR;;IQ;хпюй;;;;;#м/д
KSNVKZKA;NUROTRIS;USD;;KSNVKZKA_USD;;KZ;йюгюуярюм;;;;;#м/д
KSNVKZKA;NUROTRIS;EUR;;KSNVKZKA_EUR;;KZ;йюгюуярюм;;;;;#м/д
BAKAKG22;NUROTRIS;USD;;BAKAKG22_USD;;KG;йхпцхгхъ;;;;;#м/д
BAKAKG22;NUROTRIS;EUR;;BAKAKG22_EUR;;KG;йхпцхгхъ;;;;;#м/д
KYRSKG22;NUROTRIS;USD;;KYRSKG22_USD;;KG;йхпцхгхъ;;;;;#м/д
KYRSKG22;NUROTRIS;EUR;;KYRSKG22_EUR;;KG;йхпцхгхъ;;;;;#м/д
RINBKG22;NUROTRIS;USD;;RINBKG22_USD;;KG;йхпцхгхъ;;;;;#м/д
RINBKG22;NUROTRIS;EUR;;RINBKG22_EUR;;KG;йхпцхгхъ;;;;;#м/д
KAKYKG22;NUROTRIS;USD;;KAKYKG22_USD;;KG;йхпцхгхъ;;;;;#м/д
KSBCKG22;NUROTRIS;USD;;KSBCKG22_USD;;KG;йхпцхгхъ;;;;;#м/д
KSBCKG22;NUROTRIS;EUR;;KSBCKG22_EUR;;KG;йхпцхгхъ;;;;;#м/д
FIKBKG22;NUROTRIS;USD ;;FIKBKG22_USD ;;KG;йхпцхгхъ;;;;;#м/д
FIKBKG22;NUROTRIS;EUR;;FIKBKG22_EUR;;KG;йхпцхгхъ;;;;;#м/д
FBLELBBX;NUROTRIS;USD;;FBLELBBX_USD;;LB;кхбюм;;;;;#м/д
SRBNRSBG;NUROTRIS;USD;;SRBNRSBG_USD;;RS;яепахъ;;;;;#м/д
SRBNRSBG;NUROTRIS;EUR;;SRBNRSBG_EUR;;RS;яепахъ;;;;;#м/д
LIKIRSBG;NUROTRIS;USD;;LIKIRSBG_USD;;RS;яепахъ;;;;;#м/д
LIKIRSBG;NUROTRIS;EUR;;LIKIRSBG_EUR;;RS;яепахъ;;;;;#м/д
APIBRSBG;NUROTRIS;USD;;APIBRSBG_USD;;RS;яепахъ;;;;;#м/д
APIBRSBG;NUROTRIS;EUR;;APIBRSBG_EUR;;RS;яепахъ;;;;;#м/д
ALIFTJ22;NUROTRIS;EUR;;ALIFTJ22_EUR;;TJ;рюдфхйхярюм;;;;;#м/д
ALIFTJ22;NUROTRIS;USD;;ALIFTJ22_USD;;TJ;рюдфхйхярюм;;;;;#м/д
LCMDTJ22;NUROTRIS;EUR;;LCMDTJ22_EUR;;TJ;рюдфхйхярюм;;;;;#м/д
LCMDTJ22;NUROTRIS;USD;;LCMDTJ22_USD;;TJ;рюдфхйхярюм;;;;;#м/д
EJSATJ22;NUROTRIS;USD;;EJSATJ22_USD;;TJ;рюдфхйхярюм;;;;;#м/д
EJSATJ22;NUROTRIS;EUR;;EJSATJ22_EUR;;TJ;рюдфхйхярюм;;;;;#м/д
IBTKTJ22;NUROTRIS;USD;;IBTKTJ22_USD;;TJ;рюдфхйхярюм;;;;;#м/д
IBTKTJ22;NUROTRIS;EUR;;IBTKTJ22_EUR;;TJ;рюдфхйхярюм;;;;;#м/д
OTJKTJ22;NUROTRIS;USD;;OTJKTJ22_USD;;TJ;рюдфхйхярюм;;;;;#м/д
OTJKTJ22;NUROTRIS;EUR;;OTJKTJ22_EUR;;TJ;рюдфхйхярюм;;;;;#м/д
SPRBTJ22;NUROTRIS;USD;;SPRBTJ22_USD;;TJ;рюдфхйхярюм;;;;;#м/д
SPRBTJ22;NUROTRIS;EUR;;SPRBTJ22_EUR;;TJ;рюдфхйхярюм;;;;;#м/д
SOHBTJ22;NUROTRIS;USD;;SOHBTJ22_USD;;TJ;рюдфхйхярюм;;;;;#м/д
SOHBTJ22;NUROTRIS;EUR;;SOHBTJ22_EUR;;TJ;рюдфхйхярюм;;;;;#м/д
CBTFTJ22;NUROTRIS;EUR;ASIJRUMM;CBTFTJ22_EUR;;TJ;рюдфхйхярюм;;;;;#м/д
CBTFTJ22;NUROTRIS;USD;ASIJRUMM;CBTFTJ22_USD;;TJ;рюдфхйхярюм;;;;;#м/д
NUROTRIS;NUROTRIS;EUR;;NUROTRIS_EUR;;TR;рспжхъ;;;;;#м/д
NUROTRIS;NUROTRIS;USD;;NUROTRIS_USD;;TR;рспжхъ;;;;;#м/д
CENBATWW;NUROTRIS;EUR;RZBAATWW;CENBATWW_EUR;;AT;юбярпхъ;;;;;#м/д
KTBKATWW;NUROTRIS;EUR;RZBAATWW;KTBKATWW_EUR;;AT;юбярпхъ;;;;;#м/д
OBLAAT2L;NUROTRIS;EUR;RZBAATWW;OBLAAT2L_EUR;;AT;юбярпхъ;;;;;#м/д
RBKOXKPR;NUROTRIS;EUR;RZBAATWW;RBKOXKPR_EUR;;XK;йнянбн;;;;;#м/д
RLBBAT2E;NUROTRIS;EUR;RZBAATWW;RLBBAT2E_EUR;;AT;юбярпхъ;;;;;#м/д
RLNWATWW;NUROTRIS;EUR;RZBAATWW;RLNWATWW_EUR;;AT;юбярпхъ;;;;;#м/д
RVSAAT2S;NUROTRIS;EUR;RZBAATWW;RVSAAT2S_EUR;;AT;юбярпхъ;;;;;#м/д
RVVGAT2B;NUROTRIS;EUR;RZBAATWW;RVVGAT2B_EUR;;AT;юбярпхъ;;;;;#м/д
RZBAATWW;NUROTRIS;EUR;RZBAATWW;RZBAATWW_EUR;;AT;юбярпхъ;;;;;#м/д
RZBABA2S;NUROTRIS;EUR;RZBAATWW;RZBABA2S_EUR;;BA;анямхъ х цепжецнбхмю;;;;;#м/д
RZBCCZPP;NUROTRIS;EUR;RZBAATWW;RZBCCZPP_EUR;;CZ;веухъ;;;;;#м/д
RZBHHR2X;NUROTRIS;EUR;RZBAATWW;RZBHHR2X_EUR;;HR;унпбюрхъ;;;;;#м/д
RZBRROBU;NUROTRIS;EUR;RZBAATWW;RZBRROBU_EUR;;RO;пслшмхъ;;;;;#м/д
RZBSRSBG;NUROTRIS;EUR;RZBAATWW;RZBSRSBG_EUR;;RS;яепахъ;;;;;#м/д
RZKTAT2K;NUROTRIS;EUR;RZBAATWW;RZKTAT2K_EUR;;AT;юбярпхъ;;;;;#м/д
RZOOAT2L;NUROTRIS;EUR;RZBAATWW;RZOOAT2L_EUR;;AT;юбярпхъ;;;;;#м/д
RZSTAT2G;NUROTRIS;EUR;RZBAATWW;RZSTAT2G_EUR;;AT;юбярпхъ;;;;;#м/д
RZTIAT22;NUROTRIS;EUR;RZBAATWW;RZTIAT22_EUR;;AT;юбярпхъ;;;;;#м/д
SGSBALTX;NUROTRIS;EUR;RZBAATWW;SGSBALTX_EUR;;AL;юкаюмхъ;;;;;#м/д
TATRSKBX;NUROTRIS;EUR;RZBAATWW;TATRSKBX_EUR;;SK;якнбюйхъ;;;;;#м/д
UBRTHUHB;NUROTRIS;EUR;RZBAATWW;UBRTHUHB_EUR;;HU;бемцпхъ;;;;;#м/д
PJCBBY2X;NUROTRIS;EUR;RZBAATWW;PJCBBY2X_EUR;;BY;аекюпсяэ;;;;;#м/д
RZBMRUMM;NUROTRIS;EUR;RZBAATWW;RZBMRUMM_EUR;дЮ;RU;пняяхъ;;;;;#м/д
AVALUAUK;NUROTRIS;EUR;RZBAATWW;AVALUAUK_EUR;;UA;сйпюхмю;;;;;#м/д
CAYTTRIS;CZCBCN2X;EUR;;CAYTTRIS_EUR;;TR;рспжхъ;;;;;#м/д
CAYTTRIS;CZCBCN2X;USD;;CAYTTRIS_USD;;TR;рспжхъ;;;;;#м/д
CBLBPRSJ;CZCBCN2X;USD;;CBLBPRSJ_USD;;PR;осщпрн-пхйн;;;;;#м/д
CBLBPRSJ;CZCBCN2X;EUR;;CBLBPRSJ_EUR;;PR;осщпрн-пхйн;;;;;#м/д
SAFBDJJD;CZCBCN2X;USD;;SAFBDJJD_USD;;DJ;дфхасрх;;;;;#м/д
WANFVUVV;CZCBCN2X;USD;;WANFVUVV_USD;;VU;бюмсюрс;;;;;#м/д
WANFVUVV;CZCBCN2X;EUR;;WANFVUVV_EUR;;VU;бюмсюрс;;;;;#м/д
TBLTGMGM;CZCBCN2X;EUR;;TBLTGMGM_EUR;;GM;цюлахъ;;;;;#м/д
TBLTGMGM;CZCBCN2X;USD;;TBLTGMGM_USD;;GM;цюлахъ;;;;;#м/д
AZFIAZ22;CZCBCN2X;EUR;;AZFIAZ22_EUR;;AZ;югепаюидфюм;;;;;#м/д
AZFIAZ22;CZCBCN2X;USD;;AZFIAZ22_USD;;AZ;югепаюидфюм;;;;;#м/д
BBSHBDDH;CZCBCN2X;USD;;BBSHBDDH_USD;;BD;аюмцкюдеь;;;;;#м/д
MOLDMD2X;CZCBCN2X;USD;;MOLDMD2X_USD;;MD;лнкднбю, пеяосакхйю;;;;;#м/д
MOLDMD2X;CZCBCN2X;EUR;;MOLDMD2X_EUR;;MD;лнкднбю, пеяосакхйю;;;;;#м/д
CACDDJJD;CZCBCN2X;USD;;CACDDJJD_USD;;DJ;дфхасрх;;;;;#м/д
PPBLVUVU;CZCBCN2X;EUR;;PPBLVUVU_EUR;;VU;бюмсюрс;;;;;#м/д
PPBLVUVU;CZCBCN2X;USD;;PPBLVUVU_USD;;VU;бюмсюрс;;;;;#м/д
ISEADJJD;CZCBCN2X;USD;;ISEADJJD_USD;;DJ;дфхасрх;;;;;#м/д
CABCKHPP;CZCBCN2X;USD;;CABCKHPP_USD;;KH;йюландфю;;;;;#м/д
VALLMTMT;CZCBCN2X;USD;;VALLMTMT_USD;;MT;люкэрю;;;;;#м/д
GOGYTRIS;CZCBCN2X;USD;;GOGYTRIS_USD;;TR;рспжхъ;;;;;#м/д
GOGYTRIS;CZCBCN2X;EUR;;GOGYTRIS_EUR;;TR;рспжхъ;;;;;#м/д
PALSPS22;CZCBCN2X;USD;;PALSPS22_USD;;PS;оюкеярхмю, цнясдюпярбн;;;;;#м/д
BAIPAOLU;CZCBCN2X;USD;;BAIPAOLU_USD;;AO;юмцнкю;;;;;#м/д
CIMXMXMM;CZCBCN2X;USD;;CIMXMXMM_USD;;MX;лейяхйю;;;;;#м/д
EUEBLT22;CZCBCN2X;USD;;EUEBLT22_USD;;LT;кхрбю;;;;;#м/д
EUEBLT22;CZCBCN2X;EUR;;EUEBLT22_EUR;;LT;кхрбю;;;;;#м/д
ZBCGMEPG;CZCBCN2X;USD;;ZBCGMEPG_USD;;ME;вепмнцнпхъ;;;;;#м/д
ZBCGMEPG;CZCBCN2X;EUR;;ZBCGMEPG_EUR;;ME;вепмнцнпхъ;;;;;#м/д
DIOCVUVV;CZCBCN2X;USD;;DIOCVUVV_USD;;VU;бюмсюрс;;;;;#м/д
AKBBBY2X;CZCBCN2X;EUR;;AKBBBY2X_EUR;;BY;аекюпсяэ;;;;;#м/д
AKBBBY2X;CZCBCN2X;USD;;AKBBBY2X_USD;;BY;аекюпсяэ;;;;;#м/д
GKBIPRSJ;CZCBCN2X;USD;;GKBIPRSJ_USD;;PR;осщпрн-пхйн;;;;;#м/д
GKBIPRSJ;CZCBCN2X;EUR;;GKBIPRSJ_EUR;;PR;осщпрн-пхйн;;;;;#м/д
ELGGVUV2;CZCBCN2X;USD;;ELGGVUV2_USD;;VU;бюмсюрс;;;;;#м/д
ELGGVUV2;CZCBCN2X;EUR;;ELGGVUV2_EUR;;VU;бюмсюрс;;;;;#м/д
UNCBMEPG;CZCBCN2X;USD;;UNCBMEPG_USD;;ME;вепмнцнпхъ;;;;;#м/д
UNCBMEPG;CZCBCN2X;EUR;;UNCBMEPG_EUR;;ME;вепмнцнпхъ;;;;;#м/д
RBTAAZ22;CZCBCN2X;USD;;RBTAAZ22_USD;;AZ;югепаюидфюм;;;;;#м/д
NBOVVUVU;CZCBCN2X;USD;;NBOVVUVU_USD;;VU;бюмсюрс;;;;;#м/д
NBOVVUVU;CZCBCN2X;EUR;;NBOVVUVU_EUR;;VU;бюмсюрс;;;;;#м/д
IBAZAZ2X;CZCBCN2X;USD;;IBAZAZ2X_USD;;AZ;югепаюидфюм;;;;;#м/д
VEILPRSJ;CZCBCN2X;USD;;VEILPRSJ_USD;;PR;осщпрн-пхйн;;;;;#м/д
VEILPRSJ;CZCBCN2X;EUR;;VEILPRSJ_EUR;;PR;осщпрн-пхйн;;;;;#м/д
BCCBAOLU;CZCBCN2X;USD;;BCCBAOLU_USD;;AO;юмцнкю;;;;;#м/д
BCCBAOLU;CZCBCN2X;EUR;;BCCBAOLU_EUR;;AO;юмцнкю;;;;;#м/д
BBTPKG22;CZCBCN2X;USD;;BBTPKG22_USD;;KG;йхпцхгхъ;;;;;#м/д
RZBAATWW;CZCBCN2X;USD;;RZBAATWW_USD;;AT;юбярпхъ;;;;;#м/д
IBBLBDDH;CZCBCN2X;USD;;IBBLBDDH_USD;;BD;аюмцкюдеь;;;;;#м/д
IBOSSOSM;CZCBCN2X;USD;;IBOSSOSM_USD;;SO;янлюкх;;;;;#м/д
NRBBBDDH;CZCBCN2X;USD;;NRBBBDDH_USD;;BD;аюмцкюдеь;;;;;#м/д
BBNLNANA;CZCBCN2X;USD;;BBNLNANA_USD;;NA;мюлхахъ;;;;;#м/д
BBNLNANA;CZCBCN2X;EUR;;BBNLNANA_EUR;;NA;мюлхахъ;;;;;#м/д
PRMRBDDH;CZCBCN2X;USD;;PRMRBDDH_USD;;BD;аюмцкюдеь;;;;;#м/д
TABUEE22;CZCBCN2X;USD;;TABUEE22_USD;;EE;щярнмхъ;;;;;#м/д
PAHATRIS;CZCBCN2X;USD;;PAHATRIS_USD;;TR;рспжхъ;;;;;#м/д
PAHATRIS;CZCBCN2X;EUR;;PAHATRIS_EUR;;TR;рспжхъ;;;;;#м/д
AGBKBDDH;CZCBCN2X;USD;;AGBKBDDH_USD;;BD;аюмцкюдеь;;;;;#м/д
SEBDBDDH;CZCBCN2X;USD;;SEBDBDDH_USD;;BD;аюмцкюдеь;;;;;#м/д
UTBLBDDH;CZCBCN2X;USD;;UTBLBDDH_USD;;BD;аюмцкюдеь;;;;;#м/д
NBLBBDDH;CZCBCN2X;USD;;NBLBBDDH_USD;;BD;аюмцкюдеь;;;;;#м/д
SBHRKHPP;CZCBCN2X;USD;;SBHRKHPP_USD;;KH;йюландфю;;;;;#м/д
AGIXGMGM;CZCBCN2X;USD;;AGIXGMGM_USD;;GM;цюлахъ;;;;;#м/д
AGIXGMGM;CZCBCN2X;EUR;;AGIXGMGM_EUR;;GM;цюлахъ;;;;;#м/д
BKMYTZTZ;CZCBCN2X;USD;;BKMYTZTZ_USD;;TZ;рюмгюмхъ, назедхмеммюъ пеяосакхйю;;;;;#м/д
ADEOKHPP;CZCBCN2X;USD;;ADEOKHPP_USD;;KH;йюландфю;;;;;#м/д
ADEOKHPP;CZCBCN2X;EUR;;ADEOKHPP_EUR;;KH;йюландфю;;;;;#м/д
SOIVBDDH;CZCBCN2X;USD;;SOIVBDDH_USD;;BD;аюмцкюдеь;;;;;#м/д
DHBLBDDH;CZCBCN2X;USD;;DHBLBDDH_USD;;BD;аюмцкюдеь;;;;;#м/д
CIBLBDDH;CZCBCN2X;USD;;CIBLBDDH_USD;;BD;аюмцкюдеь;;;;;#м/д
RJHBIQBA;CZCBCN2X;USD;;RJHBIQBA_USD;;IQ;хпюй;;;;;#м/д
RJHBIQBA;CZCBCN2X;EUR;;RJHBIQBA_EUR;;IQ;хпюй;;;;;#м/д
BALBBDDH;CZCBCN2X;USD;;BALBBDDH_USD;;BD;аюмцкюдеь;;;;;#м/д
TRIQIQBA;CZCBCN2X;EUR;;TRIQIQBA_EUR;;IQ;хпюй;;;;;#м/д
ASCJKG22;CZCBCN2X;USD;;ASCJKG22_USD;;KG;йхпцхгхъ;;;;;#м/д
MBLBBDDH;CZCBCN2X;USD;;MBLBBDDH_USD;;BD;аюмцкюдеь;;;;;#м/д
TURAAZ22;CZCBCN2X;USD;;TURAAZ22_USD;;AZ;югепаюидфюм;;;;;#м/д
SBYBYESA;CZCBCN2X;USD;;SBYBYESA_USD;;YE;иелем;;;;;#м/д
ONEBBDDH;CZCBCN2X;USD;;ONEBBDDH_USD;;BD;аюмцкюдеь;;;;;#м/д
UCBLBDDH;CZCBCN2X;USD;;UCBLBDDH_USD;;BD;аюмцкюдеь;;;;;#м/д
TDBMMNUB;CZCBCN2X;USD;;TDBMMNUB_USD;;MN;лнмцнкхъ;;;;;#м/д
NCCLBDDH;CZCBCN2X;USD;;NCCLBDDH_USD;;BD;аюмцкюдеь;;;;;#м/д
AEBKBY2X;CZCBCN2X;EUR;;AEBKBY2X_EUR;;BY;аекюпсяэ;;;;;#м/д
CZNBKHPP;CZCBCN2X;USD;;CZNBKHPP_USD;;KH;йюландфю;;;;;#м/д
SKYEGMGM;CZCBCN2X;USD;;SKYEGMGM_USD;;GM;цюлахъ;;;;;#м/д
SKYEGMGM;CZCBCN2X;EUR;;SKYEGMGM_EUR;;GM;цюлахъ;;;;;#м/д
FIQBIQBA;CZCBCN2X;USD;;FIQBIQBA_USD;;IQ;хпюй;;;;;#м/д
FIQBIQBA;CZCBCN2X;EUR;;FIQBIQBA_EUR;;IQ;хпюй;;;;;#м/д
UBAZAZ22;CZCBCN2X;USD;;UBAZAZ22_USD;;AZ;югепаюидфюм;;;;;#м/д
CMTBMD2X;CZCBCN2X;USD;;CMTBMD2X_USD;;MD;лнкднбю, пеяосакхйю;;;;;#м/д
CMTBMD2X;CZCBCN2X;EUR;;CMTBMD2X_EUR;;MD;лнкднбю, пеяосакхйю;;;;;#м/д
AIIBAZ2X;CZCBCN2X;USD;;AIIBAZ2X_USD;;AZ;югепаюидфюм;;;;;#м/д
AIIBAZ2X;CZCBCN2X;EUR;;AIIBAZ2X_EUR;;AZ;югепаюидфюм;;;;;#м/д
BRDKAOLU;CZCBCN2X;USD;;BRDKAOLU_USD;;AO;юмцнкю;;;;;#м/д
BRDKAOLU;CZCBCN2X;EUR;;BRDKAOLU_EUR;;AO;юмцнкю;;;;;#м/д
BCBLBDDH;CZCBCN2X;USD;;BCBLBDDH_USD;;BD;аюмцкюдеь;;;;;#м/д
TTBLBDDH;CZCBCN2X;USD;;TTBLBDDH_USD;;BD;аюмцкюдеь;;;;;#м/д
TECNBY22;CZCBCN2X;USD;;TECNBY22_USD;;BY;аекюпсяэ;;;;;#м/д
TECNBY22;CZCBCN2X;EUR;;TECNBY22_EUR;;BY;аекюпсяэ;;;;;#м/д
PAXUDMDM;CZCBCN2X;USD;;PAXUDMDM_USD;;DM;днлхмхйю;;;;;#м/д
PAXUDMDM;CZCBCN2X;EUR;;PAXUDMDM_EUR;;DM;днлхмхйю;;;;;#м/д
BVBXAOLU;CZCBCN2X;USD;;BVBXAOLU_USD;;AO;юмцнкю;;;;;#м/д
BVBXAOLU;CZCBCN2X;EUR;;BVBXAOLU_EUR;;AO;юмцнкю;;;;;#м/д
KAKYKG22;CZCBCN2X;EUR;;KAKYKG22_EUR;;KG;йхпцхгхъ;;;;;#м/д
JBBKAZ22;CZCBCN2X;USD;;JBBKAZ22_USD;;AZ;югепаюидфюм;;;;;#м/д
KABUAFKA;CZCBCN2X;USD;;KABUAFKA_USD;;AF;ютцюмхярюм;;;;;#м/д
RUPBBDDH;CZCBCN2X;USD;;RUPBBDDH_USD;;BD;аюмцкюдеь;;;;;#м/д
PUBABDDH;CZCBCN2X;USD;;PUBABDDH_USD;;BD;аюмцкюдеь;;;;;#м/д
BCIDAOLU;CZCBCN2X;USD;;BCIDAOLU_USD;;AO;юмцнкю;;;;;#м/д
BCIDAOLU;CZCBCN2X;EUR;;BCIDAOLU_EUR;;AO;юмцнкю;;;;;#м/д
ABNGCDKI;CZCBCN2X;USD;;ABNGCDKI_USD;;CD;йнмцн, делнйпюрхвеяйюъ пеяосакхйю;;;;;#м/д
JANBBDDH;CZCBCN2X;USD;;JANBBDDH_USD;;BD;аюмцкюдеь;;;;;#м/д
ABBLBDDH;CZCBCN2X;USD;;ABBLBDDH_USD;;BD;аюмцкюдеь;;;;;#м/д
ECBMMD2X;CZCBCN2X;USD;;ECBMMD2X_USD;;MD;лнкднбю, пеяосакхйю;;;;;#м/д
ECBMMD2X;CZCBCN2X;EUR;;ECBMMD2X_EUR;;MD;лнкднбю, пеяосакхйю;;;;;#м/д
CPITMNUB;CZCBCN2X;USD;;CPITMNUB_USD;;MN;лнмцнкхъ;;;;;#м/д
CPITMNUB;CZCBCN2X;EUR;;CPITMNUB_EUR;;MN;лнмцнкхъ;;;;;#м/д
BTBLMUMU;CZCBCN2X;USD;;BTBLMUMU_USD;;MU;любпхйхи;;;;;#м/д
BTBLMUMU;CZCBCN2X;EUR;;BTBLMUMU_EUR;;MU;любпхйхи;;;;;#м/д
NILESDKH;CZCBCN2X;USD;;NILESDKH_USD;;SD;ясдюм;;;;;#м/д
NILESDKH;CZCBCN2X;EUR;;NILESDKH_EUR;;SD;ясдюм;;;;;#м/д
ALMFYESA;CZCBCN2X;USD;;ALMFYESA_USD;;YE;иелем;;;;;#м/д
ALMFYESA;CZCBCN2X;EUR;;ALMFYESA_EUR;;YE;иелем;;;;;#м/д
MYBASOSM;CZCBCN2X;USD;;MYBASOSM_USD;;SO;янлюкх;;;;;#м/д
BRESAZ22;CZCBCN2X;USD;;BRESAZ22_USD;;AZ;югепаюидфюм;;;;;#м/д
BRESAZ22;CZCBCN2X;EUR;;BRESAZ22_EUR;;AZ;югепаюидфюм;;;;;#м/д
CIHBIQBA;CZCBCN2X;USD;;CIHBIQBA_USD;;IQ;хпюй;;;;;#м/д
ALARBDDH;CZCBCN2X;USD;;ALARBDDH_USD;;BD;аюмцкюдеь;;;;;#м/д
ELAFIQBA;CZCBCN2X;USD;;ELAFIQBA_USD;;IQ;хпюй;;;;;#м/д
FMFBAFKA;CZCBCN2X;USD;;FMFBAFKA_USD;;AF;ютцюмхярюм;;;;;#м/д
FMFBAFKA;CZCBCN2X;EUR;;FMFBAFKA_EUR;;AF;ютцюмхярюм;;;;;#м/д
ABOCCNBJ;CZCBCN2X;USD;;ABOCCNBJ_USD;;CN;йхрюи;;;;;#м/д
ABOCCNBJ;CZCBCN2X;EUR;;ABOCCNBJ_EUR;;CN;йхрюи;;;;;#м/д
ADBNCNBJ;CZCBCN2X;USD;;ADBNCNBJ_USD;;CN;йхрюи;;;;;#м/д
ADBNCNBJ;CZCBCN2X;EUR;;ADBNCNBJ_EUR;;CN;йхрюи;;;;;#м/д
ANBKCNBA;CZCBCN2X;USD;;ANBKCNBA_USD;;CN;йхрюи;;;;;#м/д
BEASCNSH;CZCBCN2X;USD;;BEASCNSH_USD;;CN;йхрюи;;;;;#м/д
BEASCNSH;CZCBCN2X;EUR;;BEASCNSH_EUR;;CN;йхрюи;;;;;#м/д
BINHCN2N;CZCBCN2X;EUR;;BINHCN2N_EUR;;CN;йхрюи;;;;;#м/д
BINHCN2N;CZCBCN2X;USD;;BINHCN2N_USD;;CN;йхрюи;;;;;#м/д
BJCNCNBJ;CZCBCN2X;USD;;BJCNCNBJ_USD;;CN;йхрюи;;;;;#м/д
BJCNCNBJ;CZCBCN2X;EUR;;BJCNCNBJ_EUR;;CN;йхрюи;;;;;#м/д
BKCHCNBJ;CZCBCN2X;EUR;;BKCHCNBJ_EUR;;CN;йхрюи;;;;;#м/д
BKCHCNBJ;CZCBCN2X;USD;;BKCHCNBJ_USD;;CN;йхрюи;;;;;#м/д
BKNBCN2N;CZCBCN2X;EUR;;BKNBCN2N_EUR;;CN;йхрюи;;;;;#м/д
BKNBCN2N;CZCBCN2X;USD;;BKNBCN2N_USD;;CN;йхрюи;;;;;#м/д
BOJSCNBN;CZCBCN2X;USD;;BOJSCNBN_USD;;CN;йхрюи;;;;;#м/д
BOJSCNBN;CZCBCN2X;EUR;;BOJSCNBN_EUR;;CN;йхрюи;;;;;#м/д
BOSHCNSH;CZCBCN2X;EUR;;BOSHCNSH_EUR;;CN;йхрюи;;;;;#м/д
BOSHCNSH;CZCBCN2X;USD;;BOSHCNSH_USD;;CN;йхрюи;;;;;#м/д
BRCBCNBJ;CZCBCN2X;EUR;;BRCBCNBJ_EUR;;CN;йхрюи;;;;;#м/д
BRCBCNBJ;CZCBCN2X;USD;;BRCBCNBJ_USD;;CN;йхрюи;;;;;#м/д
CBXMCNBA;CZCBCN2X;USD;;CBXMCNBA_USD;;CN;йхрюи;;;;;#м/д
CBXMCNBA;CZCBCN2X;EUR;;CBXMCNBA_EUR;;CN;йхрюи;;;;;#м/д
CHBHCNBT;CZCBCN2X;USD;;CHBHCNBT_USD;;CN;йхрюи;;;;;#м/д
CHBHCNBT;CZCBCN2X;EUR;;CHBHCNBT_EUR;;CN;йхрюи;;;;;#м/д
CHCCCNSS;CZCBCN2X;EUR;;CHCCCNSS_EUR;;CN;йхрюи;;;;;#м/д
CHCCCNSS;CZCBCN2X;USD;;CHCCCNSS_USD;;CN;йхрюи;;;;;#м/д
CHFMCNSH;CZCBCN2X;USD;;CHFMCNSH_USD;;CN;йхрюи;;;;;#м/д
CIBKCNBJ;CZCBCN2X;EUR;;CIBKCNBJ_EUR;;CN;йхрюи;;;;;#м/д
CIBKCNBJ;CZCBCN2X;USD;;CIBKCNBJ_USD;;CN;йхрюи;;;;;#м/д
CITICNSX;CZCBCN2X;USD;;CITICNSX_USD;;CN;йхрюи;;;;;#м/д
CKLBCNBJ;CZCBCN2X;USD;;CKLBCNBJ_USD;;CN;йхрюи;;;;;#м/д
CKLBCNBJ;CZCBCN2X;EUR;;CKLBCNBJ_EUR;;CN;йхрюи;;;;;#м/д
CMBCCNBS;CZCBCN2X;USD;;CMBCCNBS_USD;;CN;йхрюи;;;;;#м/д
CMBCCNBS;CZCBCN2X;EUR;;CMBCCNBS_EUR;;CN;йхрюи;;;;;#м/д
COMMCNSH;CZCBCN2X;EUR;;COMMCNSH_EUR;;CN;йхрюи;;;;;#м/д
COMMCNSH;CZCBCN2X;USD;;COMMCNSH_USD;;CN;йхрюи;;;;;#м/д
CQCBCN22;CZCBCN2X;USD;;CQCBCN22_USD;;CN;йхрюи;;;;;#м/д
CQRBCN22;CZCBCN2X;USD;;CQRBCN22_USD;;CN;йхрюи;;;;;#м/д
CQRBCN22;CZCBCN2X;EUR;;CQRBCN22_EUR;;CN;йхрюи;;;;;#м/д
CSCBCNSH;CZCBCN2X;USD;;CSCBCNSH_USD;;CN;йхрюи;;;;;#м/д
CSCBCNSH;CZCBCN2X;EUR;;CSCBCNSH_EUR;;CN;йхрюи;;;;;#м/д
CZCBCN2X;CZCBCN2X;USD;;CZCBCN2X_USD;;CN;йхрюи;;;;;#м/д
CZCBCN2X;CZCBCN2X;EUR;;CZCBCN2X_EUR;;CN;йхрюи;;;;;#м/д
DWRBCNSU;CZCBCN2X;USD;;DWRBCNSU_USD;;CN;йхрюи;;;;;#м/д
DWRBCNSU;CZCBCN2X;EUR;;DWRBCNSU_EUR;;CN;йхрюи;;;;;#м/д
EIBCCNBJ;CZCBCN2X;EUR;;EIBCCNBJ_EUR;;CN;йхрюи;;;;;#м/д
EIBCCNBJ;CZCBCN2X;USD;;EIBCCNBJ_USD;;CN;йхрюи;;;;;#м/д
EVERCNBJ;CZCBCN2X;EUR;;EVERCNBJ_EUR;;CN;йхрюи;;;;;#м/д
EVERCNBJ;CZCBCN2X;USD;;EVERCNBJ_USD;;CN;йхрюи;;;;;#м/д
FJIBCNBA;CZCBCN2X;USD;;FJIBCNBA_USD;;CN;йхрюи;;;;;#м/д
FJIBCNBA;CZCBCN2X;EUR;;FJIBCNBA_EUR;;CN;йхрюи;;;;;#м/д
FSBCCNSH;CZCBCN2X;USD;;FSBCCNSH_USD;;CN;йхрюи;;;;;#м/д
FZCBCNBS;CZCBCN2X;EUR;;FZCBCNBS_EUR;;CN;йхрюи;;;;;#м/д
FZCBCNBS;CZCBCN2X;USD;;FZCBCNBS_USD;;CN;йхрюи;;;;;#м/д
GDBKCN22;CZCBCN2X;EUR;;GDBKCN22_EUR;;CN;йхрюи;;;;;#м/д
GDBKCN22;CZCBCN2X;USD;;GDBKCN22_USD;;CN;йхрюи;;;;;#м/д
GLBKCNBG;CZCBCN2X;USD;;GLBKCNBG_USD;;CN;йхрюи;;;;;#м/д
GLBKCNBG;CZCBCN2X;EUR;;GLBKCNBG_EUR;;CN;йхрюи;;;;;#м/д
GSBKCNBG;CZCBCN2X;EUR;;GSBKCNBG_EUR;;CN;йхрюи;;;;;#м/д
GSBKCNBG;CZCBCN2X;USD;;GSBKCNBG_USD;;CN;йхрюи;;;;;#м/д
GZCBCN22;CZCBCN2X;EUR;;GZCBCN22_EUR;;CN;йхрюи;;;;;#м/д
GZCBCN22;CZCBCN2X;USD;;GZCBCN22_USD;;CN;йхрюи;;;;;#м/д
HABBCNBU;CZCBCN2X;EUR;;HABBCNBU_EUR;;CN;йхрюи;;;;;#м/д
HABBCNBU;CZCBCN2X;USD;;HABBCNBU_USD;;CN;йхрюи;;;;;#м/д
HCRRCNBH;CZCBCN2X;USD;;HCRRCNBH_USD;;CN;йхрюи;;;;;#м/д
HFBACNSD;CZCBCN2X;USD;;HFBACNSD_USD;;CN;йхрюи;;;;;#м/д
HFBACNSD;CZCBCN2X;EUR;;HFBACNSD_EUR;;CN;йхрюи;;;;;#м/д
HFCBCNSH;CZCBCN2X;USD;;HFCBCNSH_USD;;CN;йхрюи;;;;;#м/д
HFCBCNSH;CZCBCN2X;EUR;;HFCBCNSH_EUR;;CN;йхрюи;;;;;#м/д
HSTRCNBH;CZCBCN2X;USD;;HSTRCNBH_USD;;CN;йхрюи;;;;;#м/д
HXBKCNBJ;CZCBCN2X;EUR;;HXBKCNBJ_EUR;;CN;йхрюи;;;;;#м/д
HXBKCNBJ;CZCBCN2X;USD;;HXBKCNBJ_USD;;CN;йхрюи;;;;;#м/д
HZCBCN2H;CZCBCN2X;USD;;HZCBCN2H_USD;;CN;йхрюи;;;;;#м/д
HZCBCN2H;CZCBCN2X;EUR;;HZCBCN2H_EUR;;CN;йхрюи;;;;;#м/д
IBXHCNBA;CZCBCN2X;EUR;;IBXHCNBA_EUR;;CN;йхрюи;;;;;#м/д
IBXHCNBA;CZCBCN2X;USD;;IBXHCNBA_USD;;CN;йхрюи;;;;;#м/д
ICBKCNBJ;CZCBCN2X;EUR;;ICBKCNBJ_EUR;;CN;йхрюи;;;;;#м/д
ICBKCNBJ;CZCBCN2X;USD;;ICBKCNBJ_USD;;CN;йхрюи;;;;;#м/д
JHCBCNBJ;CZCBCN2X;EUR;;JHCBCNBJ_EUR;;CN;йхрюи;;;;;#м/д
JHCBCNBJ;CZCBCN2X;USD;;JHCBCNBJ_USD;;CN;йхрюи;;;;;#м/д
JLBKCNBJ;CZCBCN2X;USD;;JLBKCNBJ_USD;;CN;йхрюи;;;;;#м/д
JLBKCNBJ;CZCBCN2X;EUR;;JLBKCNBJ_EUR;;CN;йхрюи;;;;;#м/д
JTCBCNBJ;CZCBCN2X;EUR;;JTCBCNBJ_EUR;;CN;йхрюи;;;;;#м/д
JTCBCNBJ;CZCBCN2X;USD;;JTCBCNBJ_USD;;CN;йхрюи;;;;;#м/д
JZCBCNBJ;CZCBCN2X;EUR;;JZCBCNBJ_EUR;;CN;йхрюи;;;;;#м/д
JZCBCNBJ;CZCBCN2X;USD;;JZCBCNBJ_USD;;CN;йхрюи;;;;;#м/д
KSRBCNBK;CZCBCN2X;EUR;;KSRBCNBK_EUR;;CN;йхрюи;;;;;#м/д
KSRBCNBK;CZCBCN2X;USD;;KSRBCNBK_USD;;CN;йхрюи;;;;;#м/д
LCOMCNBJ;CZCBCN2X;USD;;LCOMCNBJ_USD;;CN;йхрюи;;;;;#м/д
MBTCCNBN;CZCBCN2X;USD;;MBTCCNBN_USD;;CN;йхрюи;;;;;#м/д
MBTCCNBN;CZCBCN2X;EUR;;MBTCCNBN_EUR;;CN;йхрюи;;;;;#м/д
MSBCCNBJ;CZCBCN2X;USD;;MSBCCNBJ_USD;;CN;йхрюи;;;;;#м/д
MSBCCNBJ;CZCBCN2X;EUR;;MSBCCNBJ_EUR;;CN;йхрюи;;;;;#м/д
NJCBCNBN;CZCBCN2X;EUR;;NJCBCNBN_EUR;;CN;йхрюи;;;;;#м/д
NJCBCNBN;CZCBCN2X;USD;;NJCBCNBN_USD;;CN;йхрюи;;;;;#м/д
NYCBCNSH;CZCBCN2X;USD;;NYCBCNSH_USD;;CN;йхрюи;;;;;#м/д
PCBCCNBJ;CZCBCN2X;EUR;;PCBCCNBJ_EUR;;CN;йхрюи;;;;;#м/д
PCBCCNBJ;CZCBCN2X;USD;;PCBCCNBJ_USD;;CN;йхрюи;;;;;#м/д
PSBCCNBJ;CZCBCN2X;EUR;;PSBCCNBJ_EUR;;CN;йхрюи;;;;;#м/д
PSBCCNBJ;CZCBCN2X;USD;;PSBCCNBJ_USD;;CN;йхрюи;;;;;#м/д
QCCBCNBQ;CZCBCN2X;EUR;;QCCBCNBQ_EUR;;CN;йхрюи;;;;;#м/д
QCCBCNBQ;CZCBCN2X;USD;;QCCBCNBQ_USD;;CN;йхрюи;;;;;#м/д
RCBZCNSH;CZCBCN2X;EUR;;RCBZCNSH_EUR;;CN;йхрюи;;;;;#м/д
RCBZCNSH;CZCBCN2X;USD;;RCBZCNSH_USD;;CN;йхрюи;;;;;#м/д
RCWJCNSH;CZCBCN2X;EUR;;RCWJCNSH_EUR;;CN;йхрюи;;;;;#м/д
RCWJCNSH;CZCBCN2X;USD;;RCWJCNSH_USD;;CN;йхрюи;;;;;#м/д
RFBKCNBJ;CZCBCN2X;USD;;RFBKCNBJ_USD;;CN;йхрюи;;;;;#м/д
RFBKCNBJ;CZCBCN2X;EUR;;RFBKCNBJ_EUR;;CN;йхрюи;;;;;#м/д
SDBCCNBJ;CZCBCN2X;EUR;;SDBCCNBJ_EUR;;CN;йхрюи;;;;;#м/д
SDBCCNBJ;CZCBCN2X;USD;;SDBCCNBJ_USD;;CN;йхрюи;;;;;#м/д
SHRCCNSH;CZCBCN2X;EUR;;SHRCCNSH_EUR;;CN;йхрюи;;;;;#м/д
SHRCCNSH;CZCBCN2X;USD;;SHRCCNSH_USD;;CN;йхрюи;;;;;#м/д
SPDBCNSH;CZCBCN2X;USD;;SPDBCNSH_USD;;CN;йхрюи;;;;;#м/д
SPDBCNSH;CZCBCN2X;EUR;;SPDBCNSH_EUR;;CN;йхрюи;;;;;#м/д
SYCBCNBY;CZCBCN2X;EUR;;SYCBCNBY_EUR;;CN;йхрюи;;;;;#м/д
SYCBCNBY;CZCBCN2X;USD;;SYCBCNBY_USD;;CN;йхрюи;;;;;#м/д
SZDBCNBS;CZCBCN2X;EUR;;SZDBCNBS_EUR;;CN;йхрюи;;;;;#м/д
SZDBCNBS;CZCBCN2X;USD;;SZDBCNBS_USD;;CN;йхрюи;;;;;#м/д
TCCBCNBT;CZCBCN2X;USD;;TCCBCNBT_USD;;CN;йхрюи;;;;;#м/д
TZBKCNBT;CZCBCN2X;EUR;;TZBKCNBT_EUR;;CN;йхрюи;;;;;#м/д
TZBKCNBT;CZCBCN2X;USD;;TZBKCNBT_USD;;CN;йхрюи;;;;;#м/д
USRCCNSH;CZCBCN2X;EUR;;USRCCNSH_EUR;;CN;йхрюи;;;;;#м/д
USRCCNSH;CZCBCN2X;USD;;USRCCNSH_USD;;CN;йхрюи;;;;;#м/д
WHBKCNBJ;CZCBCN2X;EUR;;WHBKCNBJ_EUR;;CN;йхрюи;;;;;#м/д
WHBKCNBJ;CZCBCN2X;USD;;WHBKCNBJ_USD;;CN;йхрюи;;;;;#м/д
WHCBCNBN;CZCBCN2X;EUR;;WHCBCNBN_EUR;;CN;йхрюи;;;;;#м/д
WHCBCNBN;CZCBCN2X;USD;;WHCBCNBN_USD;;CN;йхрюи;;;;;#м/д
WZCBCNSH;CZCBCN2X;EUR;;WZCBCNSH_EUR;;CN;йхрюи;;;;;#м/д
WZCBCNSH;CZCBCN2X;USD;;WZCBCNSH_USD;;CN;йхрюи;;;;;#м/д
YBRCCNBJ;CZCBCN2X;USD;;YBRCCNBJ_USD;;CN;йхрюи;;;;;#м/д
YKCBCNBJ;CZCBCN2X;USD;;YKCBCNBJ_USD;;CN;йхрюи;;;;;#м/д
YTCBCNSD;CZCBCN2X;EUR;;YTCBCNSD_EUR;;CN;йхрюи;;;;;#м/д
YTCBCNSD;CZCBCN2X;USD;;YTCBCNSD_USD;;CN;йхрюи;;;;;#м/д
YZBKCN2N;CZCBCN2X;USD;;YZBKCN2N_USD;;CN;йхрюи;;;;;#м/д
YZBKCN2N;CZCBCN2X;EUR;;YZBKCN2N_EUR;;CN;йхрюи;;;;;#м/д
ZHECCNBB;CZCBCN2X;EUR;;ZHECCNBB_EUR;;CN;йхрюи;;;;;#м/д
ZHECCNBB;CZCBCN2X;USD;;ZHECCNBB_USD;;CN;йхрюи;;;;;#м/д
ZHONCNBJ;CZCBCN2X;USD;;ZHONCNBJ_USD;;CN;йхрюи;;;;;#м/д
ZHONCNBJ;CZCBCN2X;EUR;;ZHONCNBJ_EUR;;CN;йхрюи;;;;;#м/д
ZJCBCN2N;CZCBCN2X;USD;;ZJCBCN2N_USD;;CN;йхрюи;;;;;#м/д
ZJCBCN2N;CZCBCN2X;EUR;;ZJCBCN2N_EUR;;CN;йхрюи;;;;;#м/д
ZJMTCNSH;CZCBCN2X;EUR;;ZJMTCNSH_EUR;;CN;йхрюи;;;;;#м/д
ZJMTCNSH;CZCBCN2X;USD;;ZJMTCNSH_USD;;CN;йхрюи;;;;;#м/д
ZJRCCN2N;CZCBCN2X;USD;;ZJRCCN2N_USD;;CN;йхрюи;;;;;#м/д
ZJRCCN2N;CZCBCN2X;EUR;;ZJRCCN2N_EUR;;CN;йхрюи;;;;;#м/д
ZJTLCNBH;CZCBCN2X;USD;;ZJTLCNBH_USD;;CN;йхрюи;;;;;#м/д
ZJTLCNBH;CZCBCN2X;EUR;;ZJTLCNBH_EUR;;CN;йхрюи;;;;;#м/д
IBOYYESA;CZCBCN2X;USD;;IBOYYESA_USD;;YE;иелем;;;;;#м/д
IBOYYESA;CZCBCN2X;EUR;;IBOYYESA_EUR;;YE;иелем;;;;;#м/д
BAXXLT22;CZCBCN2X;USD;;BAXXLT22_USD;;LT;кхрбю;;;;;#м/д
BAXXLT22;CZCBCN2X;EUR;;BAXXLT22_EUR;;LT;кхрбю;;;;;#м/д
FRMSBDDH;CZCBCN2X;USD;;FRMSBDDH_USD;;BD;аюмцкюдеь;;;;;#м/д
AZANTZTZ;CZCBCN2X;USD;;AZANTZTZ_USD;;TZ;рюмгюмхъ, назедхмеммюъ пеяосакхйю;;;;;#м/д
TIRAIQBA;CZCBCN2X;USD;;TIRAIQBA_USD;;IQ;хпюй;;;;;#м/д
FBANKG22;CZCBCN2X;USD;;FBANKG22_USD;;KG;йхпцхгхъ;;;;;#м/д
FBANKG22;CZCBCN2X;EUR;;FBANKG22_EUR;;KG;йхпцхгхъ;;;;;#м/д
UCFXIQBA;CZCBCN2X;USD;;UCFXIQBA_USD;;IQ;хпюй;;;;;#м/д
AIYLKG22;CZCBCN2X;USD;;AIYLKG22_USD;;KG;йхпцхгхъ;;;;;#м/д
AIYLKG22;CZCBCN2X;EUR;;AIYLKG22_EUR;;KG;йхпцхгхъ;;;;;#м/д
ARECAM22;CZCBCN2X;USD;;ARECAM22_USD;;AM;юплемхъ;;;;;#м/д
ARECAM22;CZCBCN2X;EUR;;ARECAM22_EUR;;AM;юплемхъ;;;;;#м/д
URIBIQBA;CZCBCN2X;USD;;URIBIQBA_USD;;IQ;хпюй;;;;;#м/д
ALFARUMM;ALFARUMM;CNY;;ALFARUMM_CNY;;RU;пняяхъ;;;;;ALFARUMM
____BY%;POISBY2X;BYN;;____BY%_BYN;;BY;аекюпсяэ;;;;;#м/д
____BY%;POISBY2X;EUR;;____BY%_EUR;;BY;аекюпсяэ;;;;;#м/д
____BY%;POISBY2X;USD;;____BY%_USD;;BY;аекюпсяэ;;;;;#м/д
PJCBBY2X;POISBY2X;EUR;;PJCBBY2X_EUR;дЮ;BY;аекюпсяэ;;;;;#м/д
PJCBBY2X;POISBY2X;USD;;PJCBBY2X_USD;дЮ;BY;аекюпсяэ;;;;;#м/д
%;ASANRU8X;CNY;;%_CNY;дЮ;;бЯЕ ЯРПЮМШ;;;;;#м/д
%;ASIJRUMM;UZS;;%_UZS;;;бЯЕ ЯРПЮМШ;;;;;#м/д
____UZ%;ASIJRUMM;EUR;;____UZ%_EUR;;UZ;сгаейхярюм;;;;;#м/д
____UZ%;ASIJRUMM;USD;;____UZ%_USD;;UZ;сгаейхярюм;;;;;#м/д
ASIJRUMM;ASIJRUMM;EUR;;ASIJRUMM_EUR;дЮ;RU;пняяхъ;;;;;#м/д
ASIJRUMM;ASIJRUMM;USD;;ASIJRUMM_USD;дЮ;RU;пняяхъ;;;;;#м/д
____BY%;EABRKZKA;BYN;;____BY%_BYN;дЮ;BY;аекюпсяэ;;;;;#м/д
____KG%;EABRKZKA;KGS;;____KG%_KGS;;KG;йхпцхгхъ;;;;;#м/д
____KZ%;EABRKZKA;KZT;;____KZ%_KZT;;KZ;йюгюуярюм;;;;;#м/д
%;EURIKZKA;CNY;;%_CNY;дЮ;;бЯЕ ЯРПЮМШ;;;;;#м/д
____KZ%;EURIKZKA;KZT;;____KZ%_KZT;дЮ;KZ;йюгюуярюм;;;;;#м/д
EURIKZKA;EURIKZKA;EUR;;EURIKZKA_EUR;;KZ;йюгюуярюм;;;;;#м/д
EURIKZKA;EURIKZKA;USD;;EURIKZKA_USD;;KZ;йюгюуярюм;;;;;#м/д
%;GOGYTRIS;AED;;%_AED;дЮ;;бЯЕ ЯРПЮМШ;;;;;#м/д
____TR%;GOGYTRIS;TRY;;____TR%_TRY;дЮ;TR;рспжхъ;;;;;#м/д
DENITRIS;GOGYTRIS;TRY;;DENITRIS_TRY;дЮ;TR;рспжхъ;;;;;#м/д
%;HCCBCNBH;CNY;;%_CNY;;;бЯЕ ЯРПЮМШ;;;;;#м/д
%;HRCMCNBH;CNY;;%_CNY;дЮ;;бЯЕ ЯРПЮМШ;;;;;#м/д
%;ICBKRUMMCLR;CNY;;%_CNY;;;бЯЕ ЯРПЮМШ;нРОПЮБХРЕКХ РНКЭЙН ПЕГХДЕМРШ- чк/хо/ДПСЦХЕ ТНПЛШ ОПЕДОПХМХЛЮРЕКЭЯЙНИ ДЕЪРЕКЭМНЯРХ;;;;#м/д
ROSORUMM;ROSORUMM;EUR;;ROSORUMM_EUR;;RU;пняяхъ;LORO;;;;#м/д
ROSORUMM;ROSORUMM;USD;;ROSORUMM_USD;;RU;пняяхъ;LORO;;;;#м/д
RSBNRUMM;RSBNRUMM;CNY;;RSBNRUMM_CNY;;RU;пняяхъ;LORO;;;;RSBNRUMM
RSBNRUMM;RSBNRUMM;EUR;;RSBNRUMM_EUR;;RU;пняяхъ;LORO;;;;RSBNRUMM
RSBNRUMM;RSBNRUMM;USD;;RSBNRUMM_USD;;RU;пняяхъ;LORO;;;;RSBNRUMM